job_id,job_title,employer_name,employer_logo,employer_website,job_publisher,job_employment_type,job_employment_types,job_apply_link,job_apply_is_direct,apply_options,job_description,job_is_remote,job_posted_at,job_posted_at_timestamp,job_posted_at_datetime_utc,job_location,job_city,job_state,job_country,job_latitude,job_longitude,job_benefits,job_benefits_strings,job_google_link,job_salary,job_salary_string,job_min_salary,job_max_salary,job_salary_period,job_highlights,job_onet_soc,job_onet_job_zone,employer_reviews,job_uid
a0JHWklQMTJIMG95U0xBaUFBQUFBQT09OkVzd0JDb3dCUVVwcFZEUjBTakJKUVZKTmMwcENlRVZ1V2pOcU1rRjNUelZsU0MxQlVsVjFZVk5aWVdsdVUwNWxhVWsyYVUxM1RUVnROamQwZGpOWVdtTkhNUzFpU2tOb1RFVndlWFpNUjBwMmEySjJWMVZDV20wNGVUQXdUazR6U1U1R2JXVkpkRWR6UVhab05EaGxlVU5pTVc4MmFrY3ljbVpOY2xBeGVsRldRVGxSTVhaNE5tVTNkMHRPVkdSeFdGOFNGM2xXU3kxaGRrOVhRbEJ0ZFRGelVWQm9UVmh6TFVFNEdpSkJSSE55T1daUlozQk9aVVZFTW5OVWVEUmxiakkxYTNvNU5GaFdlVTlwVVVsbg,Data Scientist III,"Seneca Resources Company, LLC",https://encrypted-tbn0.gstatic.com/images?q=tbn:ANd9GcRTsMFbYZLkayB_W7C7t5rqcCPgb45y4M4yoNyu&s=0,,LinkedIn,Contractor,['CONTRACTOR'],https://www.linkedin.com/jobs/view/data-scientist-iii-at-seneca-resources-company-llc-4472742718,False,"[{'apply_link': 'https://www.linkedin.com/jobs/view/data-scientist-iii-at-seneca-resources-company-llc-4472742718', 'is_direct': False, 'publisher': 'LinkedIn'}]","Position Title: Data Scientist III
Location: Arlington, VA – Hybrid (Candidates must reside in the DC Metro area and report to the Arlington, VA office twice per pay period.)
Clearance Requirements: Public Trust Clearance (Candidates must be eligible to obtain a Position of Public Trust clearance.)
Position Status: Contract

Position Description:
Seneca Resources is seeking an experienced Data Scientist III to support advanced data analytics, artificial intelligence, machine learning, and business intelligence initiatives in a complex enterprise environment. This role is ideal for a data science professional who enjoys transforming structured and unstructured data into actionable insights, developing scalable analytical solutions, and communicating complex findings to technical and non-technical stakeholders.
The Data Scientist will work across data engineering, analytics, visualization, AI/ML, and cloud technologies to develop solutions that support investigative, audit, research, and operational objectives.

Key Responsibilities:
• Extract, clean, transform, normalize, validate, and analyze structured and unstructured data from multiple enterprise sources.
• Design and develop data science, machine learning, artificial intelligence, and predictive analytics solutions, including model development, training, testing, evaluation, refinement, deployment, and maintenance.
• Develop interactive data visualizations, dashboards, reports, and analytical products using tools such as Power BI and related business intelligence platforms.
• Apply advanced analytical techniques including machine learning, natural language processing (NLP), text mining, data mining, statistical modeling, pattern recognition, optimization, and simulation.
• Develop and optimize data solutions using SQL, Python, R, JavaScript, relational databases, data warehouses, data lakes, and data lakehouse environments.
• Build and support ETL/ELT pipelines, data integration processes, data quality frameworks, and analytical datasets.
• Leverage cloud technologies including AWS, Microsoft Azure, Databricks, Data Factory, Data Lake, and Data Lakehouse services.
• Translate business and technical requirements into data models, analytical solutions, technical designs, prototypes, proof-of-concepts, and production-ready implementations.
• Analyze data to identify trends, relationships, anomalies, patterns, and actionable insights that support business, audit, investigative, and operational decisions.
• Work with stakeholders, business owners, database administrators, developers, and IT teams to define requirements, resolve data issues, and deliver analytics solutions.
• Develop comprehensive technical documentation, including requirements, methodologies, data sources, test plans, technical diagrams, user guides, and training materials.
• Troubleshoot, enhance, test, debug, and document existing analytical applications, dashboards, models, and data products.
• Apply data governance, security, quality, access, and continuity-of-operations practices throughout the data analytics lifecycle.
• Present analytical findings, technical briefings, training materials, and project updates to technical teams, leadership, stakeholders, and larger audiences.
• Provide technical guidance and knowledge sharing to colleagues on data science methodologies, analytical tools, data quality, data access, and emerging technologies.

Required Skills/Education:
• Bachelor's degree in Computer Science, Information Technology, Data Analytics, Data Science, Mathematics, Statistics, or a related technical discipline.
• 5+ years of professional experience developing data science solutions using programming and scripting languages such as Python, SQL, R, and JavaScript.
• 3+ years of experience applying machine learning, artificial intelligence, natural language processing, robotic process automation, text/data mining, statistical modeling, or advanced mathematical methods.
• 6+ months of experience working with cloud data platforms or services such as AWS, Azure, Databricks, Data Factory, Data Lake, or Data Lakehouse.
• Strong experience with relational databases, SQL querying, data modeling, data warehousing, and data integration.
• Experience developing Power BI dashboards, reports, visualizations, and analytical solutions, including familiarity with DAX and Power Query/M.
• Experience designing and implementing ETL/ELT strategies, data pipelines, data transformations, data validation, and data quality processes.
• Demonstrated ability to transform complex datasets into meaningful business insights and actionable recommendations.
• Experience working with both structured and unstructured data and applying appropriate analytical, statistical, or machine learning techniques.
• Strong understanding of the software development lifecycle, including requirements analysis, design, development, testing, debugging, deployment, and documentation.
• Strong technical writing, documentation, presentation, and stakeholder communication skills.
• Ability to work independently while collaborating effectively with cross-functional teams.

About Seneca Resources
At Seneca Resources, we are more than just a staffing and consulting firm, we are a trusted career partner. With offices across the U.S. and clients ranging from Fortune 500 companies to government organizations, we provide opportunities that help professionals grow their careers while making an impact. When you work with Seneca, you’re choosing a company that invests in your success, celebrates your achievements, and connects you to meaningful work with leading organizations nationwide. We take the time to understand your goals and match you with roles that align with your skills and career path. Our consultants and contractors enjoy competitive pay, comprehensive health, dental, and vision coverage, 401(k) retirement plans, and the support of a dedicated team who will advocate for you every step of the way. Seneca Resources is proud to be an Equal Opportunity Employer, committed to fostering a diverse and inclusive workplace where all qualified individuals are encouraged to apply.",False,6 days ago,1790294400.0,2026-09-25T00:00:00.000Z,"Arlington, VA",Arlington,Virginia,US,38.8816208,-77.09098089999999,"['health_insurance', 'dental_coverage']","['Health insurance', 'Dental insurance']",https://www.google.com/search?q=jobs&gl=us&hl=en&udm=8#vhid=vt%3D20/docid%3DkBGZIP12H0oySLAiAAAAAA%3D%3D&vssid=jobs-detail-viewer,,,,,,{},,,,kBGZIP12H0oySLAiAAAAAA==
cXRjWmNuS3UtZUM5dUtzcEFBQUFBQT09OkVzd0JDb3dCUVVwcFZEUjBUREpDZG1WdlJsVlFUREo1ZVdWQlpuRnFaME54ZEROTGRWOVdWV1pQVTAxbFkycDFlR2d0TkhKdVNYRlNUaTFYV1VKTloyRkRjMEYwY0dka00yaHpXVkpuTUVWTVIzZEJPVkpHTFUxbFRucE5iazlRYVVGdGRIbHdWR1JWTlZGMWFsVnFVSFJHU1VRd2NERkVXbFJ2WVhGUlpGTm1jVzQ0YzFrMldEVjZZVVppTjI5WFpEVVNGM2xXU3kxaGRrOVhRbEJ0ZFRGelVWQm9UVmh6TFVFNEdpSkJSSE55T1daUlVFVkpSbXQyT0hWclJpMVBhekpaWnpseVl6aExOSGRxZFVwQg,Principal Data Scientist - AI for Data and Assessment,Capital One,https://encrypted-tbn0.gstatic.com/images?q=tbn:ANd9GcSQs10RDe3UNykrDDS1GdWOFzLadY76FR6vn0DJ&s=0,https://www.capitalone.com,Capital One Careers,Full-time and Part-time,"['FULLTIME', 'PARTTIME']",https://www.capitalonecareers.com/job/mclean/principal-data-scientist-ai-for-data-and-assessment/1732/101007328000,False,"[{'apply_link': 'https://www.capitalonecareers.com/job/mclean/principal-data-scientist-ai-for-data-and-assessment/1732/101007328000', 'is_direct': False, 'publisher': 'Capital One Careers'}]","Principal Data Scientist - AI for Data and Assessment

Data is at the center of everything we do. As a startup, we disrupted the credit card industry by individually personalizing every credit card offer using statistical modeling and the relational database, cutting edge technology in 1988! Fast-forward a few years, and this little innovation and our passion for data has skyrocketed us to a Fortune 200 company and a leader in the world of data-driven decision-making.

As a Data Scientist at Capital One, you’ll be part of a team that’s leading the next wave of disruption at a whole new scale, using the latest in computing and machine learning technologies and operating across billions of customer records to unlock the big opportunities that help everyday people save money, time and agony in their financial lives.

Team Description

The AI for Data team builds and ships state of the art machine learning solutions to support data lifecycle within the enterprise. We partner with product, tech and design teams to deliver personalized experiences to our data and platform users to drive productivity and innovation. You will be the driving force to experiment, innovate and create next generation experiences powered by the latest emerging ML technologies.

In this role, you will:
• Partner with a cross-functional team of data scientists, software engineers, and product managers to deliver a product customers love
• Leverage a broad stack of technologies — Python, Conda, AWS, H2O, Spark, and more — to reveal the insights hidden within huge volumes of numeric and textual data
• Build machine learning models through all phases of development, from design through training, evaluation, validation, and implementation
• Flex your interpersonal skills to translate the complexity of your work into tangible business goals

The Ideal Candidate is:
• Innovative. You continually research and evaluate emerging technologies. You stay current on published state-of-the-art methods, technologies, and applications and seek out opportunities to apply them.
• Creative. You thrive on bringing definition to big, undefined problems. You love asking questions and pushing hard to find answers. You’re not afraid to share a new idea.
• Technical. You’re comfortable with open-source languages and are passionate about developing further. You have hands-on experience developing data science solutions using open-source tools and cloud computing platforms.
• Statistically-minded. You’ve built models, validated them, and back tested them. You know how to interpret a confusion matrix or a ROC curve. You have experience with clustering, classification, sentiment analysis, time series, and deep learning.
• A data guru. ""Big data"" doesn't faze you. You have the skills to retrieve, combine, and analyze data from a variety of sources and structures. You know understanding the data is often the key to great data science.

Basic Qualifications:
• Currently has, or is in the process of obtaining one of the following with an expectation that the required degree will be obtained on or before the scheduled start date:
• A Bachelor's Degree in a quantitative field (Statistics, Economics, Operations Research, Analytics, Mathematics, Computer Science, or a related quantitative field) plus 5 years of experience performing data analytics
• A Master's Degree in a quantitative field (Statistics, Economics, Operations Research, Analytics, Mathematics, Computer Science, or a related quantitative field) or an MBA with a quantitative concentration plus 3 years of experience performing data analytics
• A PhD in a quantitative field (Statistics, Economics, Operations Research, Analytics, Mathematics, Computer Science, or a related quantitative field)

Preferred Qualifications:
• Master’s Degree in “STEM” field (Science, Technology, Engineering, or Mathematics) plus 3 years of experience in data analytics, or PhD in “STEM” field (Science, Technology, Engineering, or Mathematics)
• At least 1 year of experience working with AWS
• At least 3 years’ experience in Python, SQL
• At least 3 years’ experience with Deep Learning Frameworks
• At least 3 years’ experience with Natural Language Processing

Capital One will consider sponsoring a new qualified applicant for employment authorization for this position.

The minimum and maximum full-time annual salaries for this role are listed below, by location. Please note that this salary information is solely for candidates hired to perform work within one of these locations, and refers to the amount Capital One is willing to pay at the time of this posting. Salaries for part-time roles will be prorated based upon the agreed upon number of hours to be regularly worked.

McLean, VA: $161,800 - $184,600 for Princ Associate, Data Science

New York, NY: $176,500 - $201,400 for Princ Associate, Data Science

San Jose, CA: $176,500 - $201,400 for Princ Associate, Data Science

Candidates hired to work in other locations will be subject to the pay range associated with that location, and the actual annualized salary amount offered to any candidate at the time of hire will be reflected solely in the candidate’s offer letter.

This role is also eligible to earn performance based incentive compensation, which may include cash bonus(es) and/or long term incentives (LTI). Incentives could be discretionary or non discretionary depending on the plan.

Capital One offers a comprehensive, competitive, and inclusive set of health, financial and other benefits that support your total well-being. Learn more at the Capital One Careers website. Eligibility varies based on full or part-time status, exempt or non-exempt status, and management level.

This role is expected to accept applications for a minimum of 5 business days.

No agencies please. Capital One is an equal opportunity employer (EOE, including disability/vet) committed to non-discrimination in compliance with applicable federal, state, and local laws. Capital One promotes a drug-free workplace. Capital One will consider for employment qualified applicants with a criminal history in a manner consistent with the requirements of applicable laws regarding criminal background inquiries, including, to the extent applicable, Article 23-A of the New York Correction Law; San Francisco, California Police Code Article 49, Sections 4901-4920; New York City’s Fair Chance Act; Philadelphia’s Fair Criminal Records Screening Act; and other applicable federal, state, and local laws and regulations regarding criminal background inquiries.

If you have visited our website in search of information on employment opportunities or to apply for a position, and you require an accommodation, please contact Capital One Recruiting at 1-800-304-9102 or via email at RecruitingAccommodation@capitalone.com. All information you provide will be kept confidential and will be used only to the extent required to provide needed reasonable accommodations.

For technical support or questions about Capital One's recruiting process, please send an email to Careers@capitalone.com

Capital One does not provide, endorse nor guarantee and is not liable for third-party products, services, educational tools or other information available through this site.

Capital One Financial is made up of several different entities. Please note that any position posted in Canada is for Capital One Canada, any position posted in the United Kingdom is for Capital One Europe and any position posted in the Philippines is for Capital One Philippines Service Corp. (COPSSC).",False,9 days ago,1790035200.0,2026-09-22T00:00:00.000Z,"McLean, VA   (+2 others)",,,,,,['health_insurance'],['Health insurance'],https://www.google.com/search?q=jobs&gl=us&hl=en&udm=8#vhid=vt%3D20/docid%3DqtcZcnKu-eC9uKspAAAAAA%3D%3D&vssid=jobs-detail-viewer,,,,,,{},,,,qtcZcnKu-eC9uKspAAAAAA==
YWdxek9yTDJNX01GaWwxeUFBQUFBQT09OkVzd0JDb3dCUVVwcFZEUjBTbFJsVTBWNU0wRXhhR2RtVG5GdmJXWTNOemxSYUVsMlNUWXRUVjlvVGxwUlRVMXNVMVIyTW1KQ05rcHJaVmd3VEVrMGRIQXphbFZDVEVkVU9UWmpOVlpPYVZkV2FXTkdPSFZxYVhGYWNqUkZhWFZKVDJkTlUzTm9lRGR2U1VJeVgxQlVlVWhQZEdoMlNEaDZWVE5uYzJOR2MyUm5TVUp3ZWxGU2JIZFRNbVJ2T0ZWVFgzQVNGM2xXU3kxaGRrOVhRbEJ0ZFRGelVWQm9UVmh6TFVFNEdpSkJSSE55T1daVWRUZHBXWGh2Y21aUWRtNUtPVEJtYlRGVVYwMTFYemhRUmpWQg,"Grad Intern  Data Scientist  Technology, AI & Data (Summer 2027)",BioSpace,https://encrypted-tbn0.gstatic.com/images?q=tbn:ANd9GcRjozQP0EfKTzoRsvm2_vYdiWIsKTufrlg5LV6W&s=0,https://www.biospace.com,LinkedIn,,[],https://www.linkedin.com/jobs/view/grad-intern-data-scientist-technology-ai-data-summer-2027-at-biospace-4473282862,False,"[{'apply_link': 'https://www.linkedin.com/jobs/view/grad-intern-data-scientist-technology-ai-data-summer-2027-at-biospace-4473282862', 'is_direct': False, 'publisher': 'LinkedIn'}]","Join Amgens Mission of Serving Patients

At Amgen, if you feel like youre part of something bigger, its because you are. Our shared missionto serve patients living with serious illnessesdrives all that we do.

Since 1980, weve helped pioneer the world of biotech in our fight against the worlds toughest diseases. With our focus on four therapeutic areas Oncology, Inflammation, General Medicine, and Rare Disease we reach millions of patients each year. Amgen is advancing a broad and deep pipeline of medicines to treat cancer, heart disease, inflammatory conditions, rare diseases, and obesity and obesity-related conditions. As a member of the Amgen team, youll help make a lasting impact on the lives of patients as we research, manufacture, and deliver innovative medicines to help people live longer, fuller happier lives.

Our award-winning culture is collaborative, innovative, and science based. If you have a passion for challenges and the opportunities that lay within them, youll thrive as part of the Amgen team. Join us and transform the lives of patients while transforming your career.

Grad Intern Data Scientist Technology, AI & Data(Summer 2027)

What You Will Do

Lets do this. Lets change the world. During this internship, you will acquire the valuable hands-on skills and foundational experience needed to become a professional in your chosen field.

Responsibilities

This role combines knowledge and experience to extract insights from large volumes of data in various forms. Candidates should be able to demonstrate knowledge of advanced statistical techniques to build high performing predictive models and creativity to utilize these skills to address business objectives and client needs. Responsibilities may include:

Executing/analyzing data analysis and modeling projects from design and processing of data

Testing new statistical analysis methods, software and data sources for continual improvement of quantitative solutions

Developing new ways for scientists to utilize data from multiple sources

Developing automated capability to read unstructured data and convert it to structured content that is available for analysis and modeling

Program Eligibility Requirements

Must be available to work a full-time schedule.

Expected continued enrollment in an accredited college or university following the internship program / co-op

Student must be located in the United States for the duration of the internship program

Must be available to accept and commit to future full-time employment by July 2028, if offered

What We Expect of You

Basic Qualifications

We are all different, yet we all use our unique contributions to serve patients. The passionate and driven individual we seek is exemplifies the following qualifications:

Amgen Requires That All Individuals Applying For a Grad Internship Or a Co-op Assignment At Amgen Must Meet The Following Criteria

18 years or older

Graduated with a bachelors degree from an accredited college or university

Currently enrolled in an MBA program for an MBA internship OR a Masters program for a Masters internship OR a PharmD program for a PharmD internship OR Ph.D. for a PhD internship from an accredited college or university and completion of the first year of MBA OR Masters OR Pharm D OR Ph.D. program before the internship starts

Preferred Qualifications

In the process of completing the first year of a Masters program with concentration in Information Technology, Computer Science (e.g., CS, CPE, SE), Engineering, Business, or related field

1 or more years relevant work experience

Biotechnology, pharmaceutical or health care industry experience

Intermediate knowledge of Microsoft Word, Excel and Power Point

Strong interpersonal, project management, analytical and quantitative skills

Proficient in one of the coding languages (Python, Java, Scala, SQL)

Detail oriented

Demonstrated personal initiative, self-motivation, flexibility, adaptability and resourcefulness

Ability to operate independently, across functional lines, and with both internal and external customers

Coursework in one or more of the following areas: Business Systems analysis, Lean, Agile (SCRUM) and other SDLC processes, Software Development, Database Modeling, Web Design and Development, IT Management, Management of Cloud based application, B2B Collaboration, Enterprise systems such as configuration and management of ERP, CRM systems

What You Can Expect of Us

As we work to develop treatments that take care of others, we also work to care for your professional and personal growth and well-being. From our competitive benefits to our collaborative culture, well support your journey every step of the way.

The base pay range for this opportunity in the U.S. is $35.34 - $41.20 per hour.

Build a network of colleagues that will endure and grow throughout your time with us and beyond.

Bring your authentic self to the table and become the professional youre inspired to be through accepting a culture that values the diversity of thought and experience and will flex to your strengths and possibilities.

Participate in executive and social networking events, as well as community volunteer projects.

Apply now and make a lasting impact with the Amgen team.

careers.amgen.com - Please search for Keyword R-255722

In any materials you submit, you may redact or remove age-identifying information such as age, date of birth, or dates of school attendance or graduation. You will not be penalized for redacting or removing this information.

Application deadline

Amgen does not have an application deadline for this position; we will continue accepting applications until we receive a sufficient number or select a candidate for the position.

Sponsorship

Candidates must be authorized to work in the U.S. for the duration of this program. Sponsorship for future FTE roles is not guaranteed.

As an organization dedicated to improving the quality of life for people around the world, Amgen fosters an inclusive environment of diverse, ethical, committed and highly accomplished people who respect each other and live the Amgen values to continue advancing science to serve patients. Together, we compete in the fight against serious disease.

Amgen is an Equal Opportunity employer and will consider all qualified applicants for employment without regard to race, color, religion, sex, sexual orientation, gender identity, national origin, protected veteran status, disability status, or any other basis protected by applicable law.

We will ensure that individuals with disabilities are provided reasonable accommodation to participate in the job application or interview process, to perform essential job functions, and to receive other benefits and privileges of employment. Please contact us to request accommodation.",False,2 days ago,1790640000.0,2026-09-29T00:00:00.000Z,"Washington, DC",Washington,District of Columbia,US,38.9072873,-77.0369274,,,https://www.google.com/search?q=jobs&gl=us&hl=en&udm=8#vhid=vt%3D20/docid%3DagqzOrL2M_MFil1yAAAAAA%3D%3D&vssid=jobs-detail-viewer,,,,,,{},,,,agqzOrL2M_MFil1yAAAAAA==
SVpiRG4zSkJIZXV2OTJuVEFBQUFBQT09OkVzd0JDb3dCUVVwcFZEUjBTbWw2UTFWNU1HaFdVRU5mWnprNVdHdFlhbEIxYUhGV2JqQmtjUzAxY1MwNGJUbDBjRXhNZWs5VllVcENkSHBXV2tVeVMxTjRRbmRQUkdWVmNVcFBMVlpPV1ZrMkxXTXpiM1o2VkhCblpFaGllalYwVFhSNWEwZFZZa3BWUWtka2IwcDZVRnBDZFhkQlpsazVVVE4yWkdSV2VVMW9VbmhPY3kxS1kwdDNMWGRST1dzNFVsVVNGM2xXU3kxaGRrOVhRbEJ0ZFRGelVWQm9UVmh6TFVFNEdpSkJSSE55T1daVGNYQlNNa2R5VVhaUWJUSjVNVU41TmtaWVVtRTVYMEo1TUdkbg,Data Scientist Senior - Secret clearance required to apply - Arlington VA,Bow Wave LLC,"https://t0.gstatic.com/faviconV2?client=SOCIAL&type=FAVICON&fallback_opts=TYPE,SIZE,URL&url=https://bowwavellc.com&size=128",https://www.bowwavellc.com,Indeed,Full-time,['FULLTIME'],https://www.indeed.com/viewjob?jk=3bb387b9018dc45f,False,"[{'apply_link': 'https://www.indeed.com/viewjob?jk=3bb387b9018dc45f', 'is_direct': False, 'publisher': 'Indeed'}]","Must Have:

4+ years of experience in custom AI training (to include supervised and unsupervised) and Natural Language Processing (NLP) expertise focusing on unstructured data.

5+ years of in-depth knowledge of at least one analytical/statistical language (Closure, Scala, Python, R).

2+ years of experience manipulating unstructured data from different platforms.

2+ years of experience with data visualization tools such as Elastic X-Pack (including Graph), Power BI, Tableau, or Qlik.

B.S in Computer Science, Data Science, Mathematics, or Statistics",False,10 days ago,1789948800.0,2026-09-21T00:00:00.000Z,"Arlington, VA",Arlington,Virginia,US,38.8816208,-77.09098089999999,,,https://www.google.com/search?q=jobs&gl=us&hl=en&udm=8#vhid=vt%3D20/docid%3DIZbDn3JBHeuv92nTAAAAAA%3D%3D&vssid=jobs-detail-viewer,,165K–172K a year,165000.0,172000.0,YEAR,{},,,,IZbDn3JBHeuv92nTAAAAAA==
WHpoaWNkT0xXTkFTOEdwOUFBQUFBQT09OkVzd0JDb3dCUVVwcFZEUjBTbE5FWDBWTFNrdzFVV2Q2U2xZM1ZtZExjMmR3Tm1odVUwaFVPSEI2VVZSRVpGWXpPRWxGWm5oMVJVODNUR2sxTjJSeVZVRjFXRzAwYWs1RE1FZHhiWFJpV0ZZM1ZHaHJjVFpzU0c5Nk5IUXlaMGt4TlVoYWFIVmpVVU53VDBwbFIzbEhjak5rZVRrNWVWOVlRVVowTjFSUlNYZEZVMk00TlZSdWVrOWpjamR0VlY4dFUza1NGM2xXU3kxaGRrOVhRbEJ0ZFRGelVWQm9UVmh6TFVFNEdpSkJSSE55T1daU2FrRlBlbE5qYkhKTmVXTjVWSGR0Tmt0T1lraHZlSFZSYjNoQg,"Data Scientist (Bioinformatics), IS- 1560- 11",Smithsonian Institution,"https://t0.gstatic.com/faviconV2?client=SOCIAL&type=FAVICON&fallback_opts=TYPE,SIZE,URL&url=https://trustcareers.si.edu&size=128",,Smithsonian Institution Careers,Full-time,['FULLTIME'],https://trustcareers.si.edu/postings/8a24b55c-1489-43ab-9642-7d34f24d206e,False,"[{'apply_link': 'https://trustcareers.si.edu/postings/8a24b55c-1489-43ab-9642-7d34f24d206e', 'is_direct': False, 'publisher': 'Smithsonian Institution Careers'}]","Data Scientist (Bioinformatics), IS- 1560- 11
Application Deadline: 12 October 2026
Department: Smithsonian Tropical Research Institute
Employment Type: Full Time
Location: Washington, DC
Compensation: $85,447 - $91,145 / year

Description
OPEN DATE: September 11, 2026
CLOSING DATE: October 12, 2026
POSITION TYPE: Trust Fund
APPOINTMENT TYPE: Temporary for 2 years
SCHEDULE: Full Time

DUTY LOCATION: Washington, DC, National Museum of Natural History

Position sensitivity and risk:
Non-Sensitive - Low risk

Who May Apply:
Open to all qualified applicants

What are Trust Fund Positions?

Trust Fund positions are unique to the Smithsonian. They are paid for from a variety of sources, including the Smithsonian endowment, revenue from our business activities, donations, grants and contracts. Trust employees are not part of the civil service, nor does trust fund employment lead to Federal status. The salary ranges for trust positions are generally the same as for federal positions and in many cases trust and federal employees work side by side. Trust employees have their own benefit program, which may include Health, Dental & Vision Insurance, Life Insurance, Transit/Commuter Benefits, Accidental Death and Dismemberment Insurance, Annual and Sick Leave, Family Friendly Leave, 403b Retirement Plan, Discounts for Smithsonian Memberships, Museum Stores and Restaurants, Credit Union, Smithsonian Early Enrichment Center (Child Care), Flexible Spending Account (Health & Dependent Care).

Conditions of Employment

• Pass Pre-employment Background Check and Subsequent Background Investigation for position designated.

• Complete a Probationary Period.

• Maintain a Bank Account for Direct Deposit/Electronic Transfer.

• The position is open to all candidates eligible to work in the United States. Proof of eligibility to work in U.S. is not required to apply.

• Applicants must meet all qualification and eligibility requirements within 30 days of the closing date of this announcement.

OVERVIEW
This position is located in Washington, DC, within the Forest Global Earth Observatory (ForestGEO), Smithsonian Tropical Research Institute (STRI), under the Office of the Under Secretary for Science and Research at the Smithsonian Institution (SI).

STRI provides a global platform for research on tropical forests and marine ecosystems, biodiversity, and human well-being.

The ForestGEO program is a global network of scientists and forest research sites dedicated to advancing the long-term study of the world's forests.

The GEO-TREES initiative builds on this network to improve the accuracy and verification of global forest carbon estimates through collaboration among forest research sites worldwide. The Data Scientist supports the Forest Global Earth Observatory (ForestGEO) and GEO-TREES programs as a liaison between site-based data collection and the development of analytical data products.

DUTIES AND RESPONSIBILITIES
Data Management, Scientific Analysis, and Software Programming (50%)

• Performs data-management, computational, and bioinformatics assignments supporting research in tropical biology, ecology, and forestry.

• Develops, implements, modifies, and maintains data-processing pipelines used to process plot-based tree inventory and related ecological data and to derive estimates such as forest woody biomass density.

• Evaluates the performance of existing data-processing pipelines and recommends modifications or improvements based on data characteristics, analytical requirements, user needs, and experience working with ForestGEO and GEO-TREES site teams.

• Develops and modifies computational procedures for analysis of ForestGEO and GEO-TREES scientific data using established data-science principles, methods, and practices.

• Processes, validates, organizes, and manages tree inventory, Global Navigation Satellite System (GNSS), Airborne Laser Scanning (ALS), and Terrestrial Laser Scanning (TLS) data for scientific analysis and long-term storage.

• Supports the archiving and long-term management of scientific datasets to ensure appropriate organization, documentation, accessibility, and usability.

• Develops and maintains data-management solutions and informatics workflows for data acquisition, formatting, validation, processing, analysis, use, and storage.

• Implements established data standards and contributes to the development and modification of data structures and architectures appropriate to assigned projects.

• Writes, tests, documents, troubleshoots, and maintains computer code used in data-processing and analytical workflows.

• Uses programming languages and tools such as R, Python, SQL, Git, GitHub, GIS applications, and related scientific and data-management software.

• Identifies data-quality problems, inconsistencies, missing values, formatting issues, and other anomalies and determines appropriate methods for correcting or documenting them.

• Works with researchers and other technical personnel to ensure that processed data and analyticalproducts meet established scientific and program requirements.

Requirements Gathering and Technical Support (25%)

• Works closely with researchers and program personnel to identify data-processing, analytical, software, and data-management requirements for assigned scientific projects.

• Conducts technical analyses of available methods and alternatives and recommends appropriate software tools, workflows, calculations, and analytical approaches.

• Assists researchers in translating scientific requirements into practical data-processing and

• computational solutions.

• Evaluates existing workflows and recommends modifications when established approaches do not fully address the characteristics of the data or requirements of an assigned project.

• Coordinates with site representatives concerning timelines and technical requirements for acquisition and submission of plot inventory, TLS, ALS, GNSS, and related scientific data.

• Reviews submitted data to determine whether established ForestGEO and GEO-TREES formatting, documentation, and data-quality requirements have been met.

• Works with site personnel to resolve routine and moderately complex data-submission and data-quality problems.

• Coordinates with the Office of the Chief Information Officer (OCIO) and other appropriate technical staff to ensure assigned development activities follow applicable systems-development, documentation, version-control, security, and software-development practices.

• Prepares technical documentation describing data-processing workflows, code, data structures, analytical procedures, and related methods.

• Assists in testing new or modified software tools, workflows, and procedures prior to implementation.

Training and Collaboration (25%)

• Develops and provides formal and informal training to researchers, site personnel, and program partners concerning ForestGEO and GEO-TREES data systems, data-management procedures, formatting requirements, data-processing workflows, and related tools.

• Serves as a technical point of contact for tree-inventory teams and other users at assigned ForestGEO and GEO-TREES sites.

• Provides advice, training, troubleshooting assistance, and technical support concerning data collection, formatting, cleaning, validation, processing, documentation, and submission.

• Explains data standards, analytical procedures, software requirements, and data-management practices to researchers and partners with varying levels of technical expertise.

• Collaborates with scientists, data managers, programmers, and other personnel to identify and resolve data-management and processing problems.

• Participates in meetings, working groups, and collaborative activities involving ForestGEO, GEO-TREES, Smithsonian staff, and domestic and international research partners.

• Shares information concerning lessons learned, recurring data problems, workflow improvements, and effective data-management practices with program staff and partners.

Performs other duties as assigned.

QUALIFICATION REQUIREMENTS
Education and Experience:

• Professional knowledge of and skill in applying a wide range of data-science principles, concepts, methods, and practices sufficient to perform difficult data-management, processing, computational, and analytical assignments involving ecological and forestry data.

• Knowledge of data acquisition, data cleaning, validation, transformation, integration, storage, analysis, visualization, documentation, and reproducible computational workflows.

• Knowledge of computational and data-management methods is required to develop, modify, implement, and maintain processing pipelines for tree inventory, GNSS, ALS, TLS, spatial, and related scientific datasets.

• Knowledge of programming concepts and skill in applying programming languages and analytical tools such as R, Python, SQL, Git, GitHub, and related software to manipulate, process, analyze, and manage scientific data.

• Knowledge of algorithm development, software testing, version control, debugging, documentation, deployment, and maintenance practices is required to support scientific applications and data-processing workflows.

• Knowledge of spatial-data concepts, common spatial-data formats, and GIS software is required to process and evaluate geospatial information associated with ForestGEO and GEO-TREES projects.

• Knowledge of the scientific concepts associated with ecology, tropical biology, forestry, or related environmental sciences sufficient to understand data characteristics, research requirements, analytical objectives, and the relationships among data variables.

• Knowledge to select and modify appropriate data-processing and analytical methods; identify and resolve data-quality problems; evaluate alternative computational approaches; interpret results; develop recommendations; and prepare technical documentation and analytical products.

• Skill adapting or modifying established data-science techniques and procedures to address differences in data structure, quality, collection methods, analytical requirements, or site-specific circumstances.

Education completed outside the United States must be deemed equivalent to higher education programs of U.S. Institutions by an organization that specializes in the interpretation of foreign educational credentials. This documentation is the responsibility of the applicant and should be included as part of your application package.

Any false statement in your application may result in rejection of your application and may also result in termination after employment begins.

Join us in ""Inspiring Generations through Knowledge and Discovery.""

Resumes should include a description of your paid and non-paid work experience that is related to this job; starting and ending dates of job (month and year); and average number of hours worked per week.

What To Expect Next: Once the vacancy announcement closes, a review of your resume will be compared against the qualification and experience requirements related to this job. After review of applicant resumes is complete, qualified candidates will be referred to the hiring manager.

Relocation expenses are not paid.

The Smithsonian Institution provides reasonable accommodation to applicants with disabilities where appropriate. Applicants requiring reasonable accommodation should contact strisearch@si.edu. Determinations on requests for reasonable accommodation will be made on a case-by-case basis. To learn more, please review the Smithsonian’s Accommodation Procedures.

The Smithsonian Institution is an Equal Opportunity Employer. To review The Smithsonian's EEO program information, please click the following: https://www.si.edu/oeo",False,22 days ago,1788912000.0,2026-09-09T00:00:00.000Z,"Washington, DC",Washington,District of Columbia,US,38.9072873,-77.0369274,"['health_insurance', 'dental_coverage']","['Health insurance', 'Dental insurance']",https://www.google.com/search?q=jobs&gl=us&hl=en&udm=8#vhid=vt%3D20/docid%3DXzhicdOLWNAS8Gp9AAAAAA%3D%3D&vssid=jobs-detail-viewer,,"85,447–91,145 a year",85447.0,91145.0,YEAR,{},,,,XzhicdOLWNAS8Gp9AAAAAA==
ekU5cXZDLWZqeWhDRlJiTkFBQUFBQT09OkVzd0JDb3dCUVVwcFZEUjBTVVY1U1RFeVJYZHpWVFl3Wmw5SVowZ3lha3h0YzFOQmMzYzNWVGRHY2tOSU1IZDJPVzVxV1daak9UaFJSMFY2VFVwMlF6SmFOSGxaUkRkM2FsUk9ka2hvTVdaSmFVVkZObGMwWWtsWWFWVTRaMHhrT1hscU4wY3hTazFrWDJ0cFdFSkNNVXRaTWs4NE9XTkZlamROWlZkZldteGtPSEkxT1RsT1RqY3djbVZxY2pWTlNFb1NGM2xXU3kxaGRrOVhRbEJ0ZFRGelVWQm9UVmh6TFVFNEdpSkJSSE55T1daU2MyMXFjakI0VUV0dlZWTTJWMDl4WjB4MWRIZ3lUWFpHVDJoMw,Data Scientist/Engineer - Junior (Remote),SynergisticIT,"https://t0.gstatic.com/faviconV2?client=SOCIAL&type=FAVICON&fallback_opts=TYPE,SIZE,URL&url=https://synergisticit.com&size=128",https://www.synergisticit.com,Monster,Full-time,['FULLTIME'],https://www.monster.com/job-openings/data-scientist-engineer-junior-remote-washington-dc--d147b878-9362-4896-bf30-eb8b0936eb8d,False,"[{'apply_link': 'https://www.monster.com/job-openings/data-scientist-engineer-junior-remote-washington-dc--d147b878-9362-4896-bf30-eb8b0936eb8d', 'is_direct': False, 'publisher': 'Monster'}]","Not Getting Interviews? Your Resume Is Invisible Without Current Skills
Zero interviews means the market never even tested you. Keyword tweaks will not fix an empty project section, an old stack, or a gap with no recent proof. Applicant tracking systems reward relevance, not volume.
JOPP rebuilds the signal employers scan for: current technologies, real projects, certifications, and a resume that tells a true story. After you are ready, we market you directly to a large tech-client network instead of hoping a portal notices you.
Ideal candidates include recent grads, people with gaps, laid-off professionals, and those who have experience but no callbacks. Roles in view include entry-level software programmers, Java full stack developers, Python/Java developers, data analysts, data engineers, data scientists, and machine learning engineers.
If the inbox is quiet, change the product you are selling: you. Upskill first, then distribution.
We Focus on Java /Full stack/Devops and Data Science /Data Engineers/Data analysts/BI Analysts/ Machine learning/AI candidates
Ideal Candidates:
• Recent grads in CS, Engineering, Math, or Statistics with limited or no job experience
• Jobseekers who had layoffs due to Downsizing and want to get in demand tech stack
• Professionals seeking a career switch to tech
• Candidates with career gaps or lacking real-world experience
• Individuals looking to boost their skill portfolio for better job prospects
• Computer Science grads with limited or no job experience
• Students who recently finished their Bachelor's or Master's programs
• Those struggling to land interviews despite having experience
• Please check below links:
• Event videos (OCW, JavaOne, Gartner): https://fast.wistia.com/embed/channel/k4mlq69ekl

USA Today feature

Explore JOPP: https://www.synergisticit.com/jopp/
Contact: https://www.synergisticit.com/contact-us/
• * please read our blogs
• Why do Tech Companies not Hire recent Computer Science Graduates | https://www.synergisticit.com/why-tech-companies-dont-hire-recent-cs-graduates/
• Technical Skills or Experience? | Which one is important to get a Job? | https://www.synergisticit.com/tech-skill-or-experience-which-one-is-more-important-for-a-jobseeker/

SynergisticIT JOPP is good for candidates with gaps because it helps rebuild momentum through structured upskilling, practical project work, resume improvement, interview preparation, and job-search support. Instead of applying randomly, candidates can work toward a more current and employer-ready profile.
Start your progress— Contact us and start with a plan.
Please note: Resume databases are shared with clients and interested clients will reach out directly if they find a qualified candidate for their req.

Resume submissions may be shared with our JOPP team database also. Please unsubscribe if contacted or if you don't want to be contacted please don't submit your resume.

Remote

Skills:
Artificial Intelligence (AI), Business Intelligence, Candidate Pipeline, Computer Science, Data Analysis, Data Science, DevOps, Java, Machine Learning, Mathematics, Python Programming/Scripting Language, Right-Sizing, Sales, Software Engineering, Statistics

SynergisticIT

SynergisticIT is a California-based technology company specializing in software development solutions. Founded in 2010, it focuses on building scalable and efficient applications for businesses across various industries.

The company provides custom software development services, including application design, system integration, cloud solutions, and technology upgrades. Its development approach emphasizes agility, innovation, and aligning solutions with client needs.

SynergisticIT works with organizations of different sizes, helping them adapt to evolving digital demands through reliable and high-quality software. By combining technical expertise with a results-driven mindset, the company aims to deliver solutions that enhance business performance and support long-term growth.

Overall, SynergisticIT positions itself as a bridge between talent and opportunity in the technology sector. By integrating consulting, development, and upskilling services, the company aims to create value for both organizations seeking skilled professionals and individuals pursuing careers in IT.

2010

Website:
https://www.synergisticit.com/jopp/",True,18 days ago,1789257600.0,2026-09-13T00:00:00.000Z,Anywhere,,,,,,,,https://www.google.com/search?q=jobs&gl=us&hl=en&udm=8#vhid=vt%3D20/docid%3DzE9qvC-fjyhCFRbNAAAAAA%3D%3D&vssid=jobs-detail-viewer,,,,,,{},,,,zE9qvC-fjyhCFRbNAAAAAA==
ajQ4TFV0UVJPYTh6T1puaUFBQUFBQT09OkVzd0JDb3dCUVVwcFZEUjBTbXBKY0VkSmNtdE9hMGw0Yld0Sk5rNWZSekp0UjB0cllqWlBUMFp3UjFjM2QydDRhRTVDUkZKcWVHeHpja1UzZG1KNVVrcExOekJFZUVFMVkyMXdNbEY0TlZwS2JUTjBYM1JRYkVGQ09IaFRNR1pTYW5kQlZITkdUa2hyWmpaUk9FWldURm8xVlhodFExRlNhV0YyWTJ0U1dVaFBMVmRtZDBsRGFVSkViRWhXVnpkME1uZ1NGM2xXU3kxaGRrOVhRbEJ0ZFRGelVWQm9UVmh6TFVFNEdpSkJSSE55T1daU1kyNHhaeTFwWTNSVmFrUlFiSFpDY0hwSlRteG9Ua05hT1VoMw,SAS Data Scientist I – Health Data Research - DC,NORC at the University of Chicago,https://encrypted-tbn0.gstatic.com/images?q=tbn:ANd9GcTomdqYGcabxNFm8sv6ohV85lo1uiStThT99ky0&s=0,,LinkedIn,Full-time,['FULLTIME'],https://www.linkedin.com/jobs/view/sas-data-scientist-i-%E2%80%93-health-data-research-dc-at-norc-at-the-university-of-chicago-4470072328,False,"[{'apply_link': 'https://www.linkedin.com/jobs/view/sas-data-scientist-i-%E2%80%93-health-data-research-dc-at-norc-at-the-university-of-chicago-4470072328', 'is_direct': False, 'publisher': 'LinkedIn'}]","Job Summary

NORC at the University of Chicago is seeking a qualified Data Scientist I to join the Health Sciences Department to support hospital discharge data processing across states and harmonizing and packaging files into a uniform format. For this role, proficiency in SAS is a requirement. Experience with R or Python is welcome but not essential. Prior work with healthcare or administrative claims data is preferred, and strong documentation practices are important.

The Data Scientist I supports research, analytics, and data-driven decision-making. This role partners with research teams to collect, manage, analyze, and interpret data to deliver meaningful insights for clients and stakeholders.

The position is responsible for importing, cleaning, standardizing, transforming, and validating data, identifying data quality issues, and developing reports and visualizations. The Data Scientist I may also support data management processes, and proposal development activities. This role works collaboratively in a team-oriented environment.

Qualified applicants must be eligible to work in the U.S. We regret that we are unable to offer visa sponsorship for this position.

Location: This is a hybrid role based in either our Chicago Loop or downtown DC office, with a minimum of six days per month in the office. Exceptional remote candidates may be considered as well.

DEPARTMENT: Health Sciences Research

NORC’s Health Sciences staff produce rich data on social priorities including child development and healthy aging, the uses of electronic clinical data in research, and the applications and effectiveness of health information technology.

The Health Sciences team is versatile and experienced in data acquisition, management, technical assistance, and analysis; the use of information technology in health care; and numerous data collection methods. Our track record of leadership and innovation includes the design and management of large-scale surveys, including extensive experience collecting biomeasures.

Responsibilities

• Collect, clean, transform, validate, and harmonize data from a variety of sources.
• Identify trends, patterns, and data quality issues, and communicate findings and recommendations to project teams and stakeholders.
• Develop reports, dashboards, tables, charts, and visualizations.
• Create, document, manage, and maintain databases, data systems, and data dictionaries.
• Support data storage optimization and data management procedures.
• Collaborate with research teams, project leaders, and clients to understand analytical needs and support project objectives.
• Contribute to proposal development activities, including drafting technical or analytical sections.

Required Skills

• Bachelor’s degree in one of the following fields: quantitative social sciences, public health, statistics, biostatistics, health informatics, math, data science, or computer science, or related field required. Advanced degree preferred.
• Proficiency with data management and data processing.
• 4 years of experience in positions of increasing responsibility, working with large data sets and conducting statistical/analytic programming, preferably working with large data sets
• Strong foundation in areas of statistics, mathematics, and data science.
• Advanced programming skills in SAS are required, including experience with SAS macros
• Additional experience with other statistical packages and database tools such as SQL, Python, R, Tableau, Hadoop, Hive, MapReduce and/or other large data systems is welcome but not essential.
• Prior work with healthcare or administrative claims data is strongly preferred.
• Strong skills in problem solving and quantitative analysis are required. Able to organize and prioritize work assignments to meet project needs.
• Outstanding interpersonal and critical reasoning skills.
• Strong written and verbal communication including strong technical writing skills.
• Strong data visualization/presentation skills. Able to explain technology, techniques, and approaches to others.
• Proficiency with MS Office software.

Please include a Resume and Cover Letter when applying. Candidates should be prepared to provide professional references upon request.

Salary And Benefits

The pay range for this position is $90,000-$104,000

Benefits

This position is classified as regular. Regular staff are eligible for NORC’s comprehensive benefits program. Benefits include, but are not limited to:

• Generously subsidized health insurance, effective on the first day of employment
• Dental and vision insurance
• A defined contribution retirement program, along with a separate voluntary 403(b) retirement program
• Group life insurance, long-term and short-term disability insurance
• Benefits that promote work/life balance, including generous paid time off, holidays; paid parental leave, bereavement leave, tuition assistance, and an Employee Assistance Program (EAP).

NORC is committed to equity and transparency in its pay practices. We publish salary ranges and benefit information for every job. The listed hiring range reflects what we, in good faith, expect to pay at the time of posting, though actual compensation may vary and may be adjusted over time. A candidate’s placement within the range depends on factors such as competencies, education, qualifications, experience, skills, performance, and organizational needs.

What We Do

NORC at the University of Chicago is an objective, non-partisan research institution that delivers reliable data and rigorous analysis to guide critical programmatic, business, and policy decisions. Since 1941, our teams have conducted groundbreaking studies, created and applied innovative methods and tools, and advanced principles of scientific integrity and collaboration. Today, government, corporate, and nonprofit clients around the world partner with us to transform increasingly complex information into useful knowledge.

Who We Are

For over 80 years, NORC has evolved in many ways, moving the needle with research methods, technical applications and groundbreaking research findings. But our tradition of excellence, passion for innovation, and commitment to collegiality have remained constant components of who we are as a brand, and who each of us is as a member of the NORC team. With world-class benefits, a business casual environment, and an emphasis on continuous learning, NORC is a place where people join for the stellar research and analysis work for which we’re known, and stay for the relationships they form with their colleagues who take pride in the impact their work is making on a global scale.

Eeo Statement

NORC is an equal opportunity employer. NORC evaluates qualified applicants without regard to race, color, religion, sex, gender, national origin, disability, status as a protected veteran, sexual orientation, and other legally protected characteristics.",False,6 days ago,1790294400.0,2026-09-25T00:00:00.000Z,"Washington, DC",Washington,District of Columbia,US,38.9072873,-77.0369274,"['paid_time_off', 'health_insurance', 'dental_coverage']","['Paid time off', 'Health insurance', 'Dental insurance']",https://www.google.com/search?q=jobs&gl=us&hl=en&udm=8#vhid=vt%3D20/docid%3Dj48LUtQROa8zOZniAAAAAA%3D%3D&vssid=jobs-detail-viewer,,,,,,{},,,,j48LUtQROa8zOZniAAAAAA==
ZXVEOWV3RXFkeUNyT2t6bkFBQUFBQT09OkVzd0JDb3dCUVVwcFZEUjBUSFZWVUdWMlVtOWpUbmxoYjFGNmVqWkNVM0JVTlY5b1RWRTNiRFI1ZFRVeU5XVXljM2RrY1RreWVVeDBiUzFFY0hjd1lVbGtWRUZMYkdwUFFucHljREpzU0VoS2JXZ3RkVWxTYlRReVkwTnhOVTVEUTAxT2JEZDBaVVJrY1Zod2RtSlRiVjl4U1hObU1VRnNOeTFNTVdaVVFtRmliVzlKVlZCbFZGWkpWVGxhWm1WbGIyUVNGM2xXU3kxaGRrOVhRbEJ0ZFRGelVWQm9UVmh6TFVFNEdpSkJSSE55T1daVU56SldTbnBmT1RFNGNtdzBhV2hNY25SV1lXSmFOM2hTZFVaMw,Data Scientist (Multiple Levels),Noblis,"https://t0.gstatic.com/faviconV2?client=SOCIAL&type=FAVICON&fallback_opts=TYPE,SIZE,URL&url=https://noblis.org&size=128",https://noblis.org,Noblis Careers,Full-time,['FULLTIME'],https://careers.noblis.org/jobs/26582?lang=en-us,False,"[{'apply_link': 'https://careers.noblis.org/jobs/26582?lang=en-us', 'is_direct': False, 'publisher': 'Noblis Careers'}]","Responsibilities

We are seeking highly qualified Subject Matter Experts (SMEs) across multiple levels (I–V) to support data science, aviation, engineering, psychological, analytical, and technical programs within the Federal Aviation Administration (FAA) or related federal initiatives. SMEs will apply advanced knowledge in their respective technical or analytical disciplines—particularly data science, machine learning, and data-driven analysis—to solve complex problems, integrate requirements, and contribute to system design, program execution, and organizational effectiveness.

SMEs will participate in multidisciplinary teams, utilizing advanced analytical tools, simulation environments, laboratories, data analysis platforms, and test facilities. They will provide guidance in technical planning, data strategy, process improvement, and performance evaluation, ensuring that data-driven insights inform program and mission outcomes.

Key Responsibilities (All Levels)
• Apply advanced knowledge in data science, engineering, psychology, or related technical disciplines to solve complex technical or organizational problems within the FAA or similar environments.
• Extract insights and value from large and complex datasets to inform decision-making, enhance system performance, and drive innovation across programs.
• Develop and implement data-driven solutions and predictive models using advanced statistical, machine learning, and data analysis techniques.
• Collect, clean, and integrate data from multiple sources to support analytical, technical, and operational objectives.
• Perform exploratory data analysis (EDA) to identify trends, patterns, and relationships in data relevant to aviation safety, engineering performance, human factors, or organizational outcomes.
• Utilize scientific, engineering, and analytical tools (e.g., Python, R, SQL, MATLAB, data visualization platforms) to design, test, and validate analytical models and simulations.
• Collaborate with cross-functional teams—including software engineers, data analysts, behavioral scientists, and domain experts—to integrate data science solutions into operational systems and decision-support workflows.
• Develop and review technical documentation, reports, and data-driven recommendations to support program planning, compliance, and strategic decisions.
• Communicate analytical findings and technical insights to stakeholders in a clear, actionable manner, enabling evidence-based decision-making.
• Contribute to technical planning, data infrastructure design, and process optimization, ensuring alignment with program goals and federal data standards.
• Mentor junior staff and provide expertise in data science methodologies, enhancing team capabilities and promoting a culture of analytical excellence.

Required Qualifications

Qualifications for all Levels:
• U.S. citizen or green card permanent resident (3+ years U.S. residency)
• Ability to obtain and maintain FAA Sutiability/Public Trust.
• Experience with FAA and the environment.

Level I

Required Qualifications
• Bachelor’s degree in engineering, science, or related field and 4+ years of relevant experience; or equivalent aviation-related experience with 6+ years.

D.C. Salary Range: $71,800.00 - $112,150

Level II

Required Qualifications:
• Bachelor’s degree in engineering, science, or related field and 8+ years of relevant experience; or equivalent aviation-related experience with 12+ years.

D.C. Salary Range: $78,900 - $123,300

Level III

Required Qualifications:
• Master’s degree in engineering, science, or related field and 10+ years of experience; or Bachelor’s degree with 12+ years of experience.

D.C. Salary Range: $105,100 - $164,125

Level IV

Required Qualifications:
• Master’s degree in engineering, science, or related field and 13+ years of experience; or Bachelor’s degree with 17+ years of experience.

D.C. Salary Range: $127,100 - $198,575

Level V

Required Qualifications:
• Doctorate degree in psychology, industrial/organizational psychology, engineering, science, or related technical/analytical field and 10+ years of experience; or Master’s degree with 12+ years, or Bachelor’s degree with 17+ years of experience.

D.C. Salary Range: $153,800 - $240,350

Desired Qualifications

Desired Expertise
• Demonstrated experience in data science, machine learning, statistics, or quantitative analysis, preferably in aviation, engineering, or related technical domains.
• Proficiency with data science tools and programming languages (e.g., Python, R, SQL, TensorFlow, PyTorch, scikit-learn, Tableau, Power BI).
• Strong understanding of data pipelines, data governance, and analytical model deployment in operational environments.
• Ability to translate complex technical and analytical concepts into actionable insights for diverse stakeholders.

Level I
• Experience with technical problem-solving, system integration, or engineering team support in aviation-related programs.

Level II
• Demonstrated experience leading small technical teams, performing process improvement, and applying engineering/scientific tools to complex problems.

Level III
• Experience in advanced technical planning, integration of complex systems, and use of data analysis and test facilities for problem resolution.

Level IV
• Proven record of technical leadership, mentorship of junior SMEs, and contributions to program or organizational strategy.
• Experience with large-scale program integration, advanced modeling, simulation, or laboratory testing.

Level V
• Expertise in psychological, organizational, technical, or analytical domains applied to aviation, engineering, or large-scale program environments.
• Demonstrated leadership in multidisciplinary teams, system-of-systems problem solving, and organizational planning.
• Experience applying human factors, industrial/organizational psychology, or advanced analytics to improve performance, safety, and process outcomes.
• *THIS POSITION IS CONTINGENT ON AWARD AND POSITION AVAILABILITY**

Overview

Overview

Noblis and our wholly owned subsidiaries, Noblis ESI and Noblis MSD, take on some of the nation’s toughest challenges, delivering advanced solutions to our customers’ most critical missions. We bring together leading scientific, engineering, and management expertise in a culture grounded in objectivity and collaboration, ensuring our work creates lasting impact across federal missions.

We work with a broad range of government agencies in the defense, intelligence, and federal civilian sectors. Learn more and find opportunities at careers.noblis.org

Why Work at Noblis

At Noblis, we share a passion for excellence and innovation, and we create an environment where people can do meaningful work while maintaining the balance that keeps them energized and fulfilled. We seek out individuals with a natural curiosity and desire to collaborate and learn. We believe our people are our greatest strength, and we consistently seek exceptionally skilled, mission‑driven professionals who care deeply about doing work that enriches lives and makes our nation safer.

Noblis has earned numerous workplace awards for our culture, our commitment to employee well‑being, and our dedication to meaningful, impactful work. We also maintain a drug‑free workplace.

Remote/hybrid status is subject to change based on Noblis and/or government requirements.

Commitment to Non-Discrimination

All qualified applicants will receive consideration for employment without regard to race, color, ethnicity, sex, age, national origin, religion, physical or mental disability, pregnancy/childbirth and related medical conditions, veteran or military status, or any other characteristics protected by applicable federal, state, or local law.

If reasonable accommodation is needed to participate in the job application or interview process, to perform essential job functions, and/or to receive other benefits and privileges of employment, please contact us.

EEO is the Law | E-Verify | Right to Work

Total Rewards

At Noblis we recognize and reward your contributions, provide you with growth opportunities, and support your total well-being. Our offerings include health, life, disability, financial, and retirement benefits, as well as paid leave, professional development, tuition assistance, and work-life programs. Our award programs acknowledge employees for exceptional performance and superior demonstration of our service standards. Full-time and part-time employees working at least 20 hours a week on a regular basis are eligible to participate in our benefit programs. Other offerings may be provided for employees not within this category. We encourage you to learn more about our total benefits by visiting the Benefits page on our Careers site.

Compensation at Noblis is determined by various factors, including but not limited to, the combination of education, certifications, knowledge, skills, competencies, and experience, internal and external equity, location, clearance level, as well as contract-specific affordability, organizational requirements and applicable employment laws. The projected compensation range for this position is based on full time status. For part time or on-call staff, compensation is proportionately adjusted based on hours worked. While monetary compensation is important, it's just one component of Noblis’ total compensation package.

Posted Salary Range

USD $71,800.00 - USD $240,350.00 /Yr.",False,,,,"Washington, DC",Washington,District of Columbia,US,38.9072873,-77.0369274,['health_insurance'],['Health insurance'],https://www.google.com/search?q=jobs&gl=us&hl=en&udm=8#vhid=vt%3D20/docid%3DeuD9ewEqdyCrOkznAAAAAA%3D%3D&vssid=jobs-detail-viewer,,,,,,{},,,,euD9ewEqdyCrOkznAAAAAA==
eHRmUU1tOFBXVElxUEswYkFBQUFBQT09OkVzd0JDb3dCUVVwcFZEUjBTVFEzU0dWQ1MxcDZXRTVrYzJsb1VWVjRkRk5uV21SRFIwdHJaQzE0U21aaGNWaExNM1ozUTFOcWJFNUVabTVsVTFaR1ZFRTNXazV0YjBscWN6Tm9TakZSUW14dFN6SXpXRGxaVFZaTk9IbGpOWFJwVVRoUFZIVlRWRFJKU0dwVlJtMXVlRFozZVdNMmIwVmFVa2xQV1ZaUmVtcGhkVU13UWpsaFdsWmpiVFZTWVVabWQyb1NGM2xXU3kxaGRrOVhRbEJ0ZFRGelVWQm9UVmh6TFVFNEdpSkJSSE55T1daVFVXc3hjMmRRVlVsT1FuQk9TbTk2VkdkMmRrMW1Na2hxZGxKQg,"Senior Associate, Data Scientist - Recommendation & Personalization Systems",Capital One,https://encrypted-tbn0.gstatic.com/images?q=tbn:ANd9GcSQs10RDe3UNykrDDS1GdWOFzLadY76FR6vn0DJ&s=0,https://www.capitalone.com,Capital One Careers,Full-time and Part-time,"['FULLTIME', 'PARTTIME']",https://www.capitalonecareers.com/job/mclean/senior-associate-data-scientist-recommendation-and-personalization-systems/1732/100780469040,False,"[{'apply_link': 'https://www.capitalonecareers.com/job/mclean/senior-associate-data-scientist-recommendation-and-personalization-systems/1732/100780469040', 'is_direct': False, 'publisher': 'Capital One Careers'}]","Senior Associate, Data Scientist - Recommendation & Personalization Systems

Data is at the center of everything we do. As a startup, we disrupted the credit card industry by individually personalizing every credit card offer using statistical modeling and the relational database, cutting edge technology in 1988! Fast-forward a few years, and this little innovation and our passion for data has skyrocketed us to a Fortune 200 company and a leader in the world of data-driven decision-making.

As a Data Scientist at Capital One, you’ll be part of a team that’s leading the next wave of disruption at a whole new scale, using the latest in computing and machine learning technologies and operating across billions of customer records to unlock the big opportunities that help everyday people save money, time and agony in their financial lives.

Team Description:

Join an elite Applied AI team within AI Foundations, operating at the intersection of deep research and massive real-world impact. We are pioneering the next generation of personalized customer experiences across Capital One's web and mobile applications, leveraging our high-scale ML models. Our core mission involves architecting and deploying cutting-edge personalized recommendation engines. This is powered by original research into homegrown Foundation Models, advanced Reinforcement Learning techniques, and a state-of-the-art scalable architecture built for billions of interactions. Our research agenda is at the forefront of the field, actively focusing on areas such as Causal Inference, Transformer-based architectures, and sophisticated Recommender Systems.

In this role, you will:
• Partner with a cross-functional team of data scientists, software engineers, and product managers to deliver a product customers love

• Leverage a broad stack of technologies - Python, Conda, AWS, H2O, Spark, and more - to reveal the insights hidden within huge volumes of numeric and textual data

• Build machine learning models through all phases of development, from design through training, evaluation, validation, and implementation

• Flex your interpersonal skills to translate the complexity of your work into tangible business goals

The Ideal Candidate is:
• Customer first. You love the process of analyzing and creating, but also share our passion to do the right thing. You know at the end of the day it’s about making the right decision for our customers.

• Innovative. You continually research and evaluate emerging technologies. You stay current on published state-of-the-art methods, technologies, and applications and seek out opportunities to apply them.

• Technical. You’re comfortable with open-source languages and are passionate about developing further. You have hands-on experience developing data science solutions using open-source tools and cloud computing platforms.

• A data guru. “Big data” doesn’t faze you. You have the skills to retrieve, combine, and analyze data from a variety of sources and structures. You know understanding the data is often the key to great data science.

Basic Qualifications:
• Currently has, or is in the process of obtaining one of the following with an expectation that the required degree will be obtained on or before the scheduled start date:
• A Bachelor's Degree in a quantitative field (Statistics, Economics, Operations Research, Analytics, Mathematics, Computer Science, or a related quantitative field) plus 2 years of experience performing data analytics

• A Master's Degree in a quantitative field (Statistics, Economics, Operations Research, Analytics, Mathematics, Computer Science, or a related quantitative field) or an MBA with a quantitative concentration

Preferred Qualifications:
• Master’s Degree in “STEM” field (Science, Technology, Engineering, or Mathematics), or PhD in “STEM” field (Science, Technology, Engineering, or Mathematics)

• Experience working with AWS

• At least 2 years of experience in Python, Scala, or R

• At least 2 years of experience with machine learning

• At least 2 years of experience with SQL

Capital One will consider sponsoring a new qualified applicant for employment authorization for this position.

The minimum and maximum full-time annual salaries for this role are listed below, by location. Please note that this salary information is solely for candidates hired to perform work within one of these locations, and refers to the amount Capital One is willing to pay at the time of this posting. Salaries for part-time roles will be prorated based upon the agreed upon number of hours to be regularly worked.

McLean, VA: $135,600 - $154,800 for Sr Assoc, Data Science

New York, NY: $148,000 - $168,900 for Sr Assoc, Data Science

San Jose, CA: $148,000 - $168,900 for Sr Assoc, Data Science

Candidates hired to work in other locations will be subject to the pay range associated with that location, and the actual annualized salary amount offered to any candidate at the time of hire will be reflected solely in the candidate’s offer letter.

This role is also eligible to earn performance based incentive compensation, which may include cash bonus(es) and/or long term incentives (LTI). Incentives could be discretionary or non discretionary depending on the plan.
Capital One offers a comprehensive, competitive, and inclusive set of health, financial and other benefits that support your total well-being. Learn more at the Capital One Careers website. Eligibility varies based on full or part-time status, exempt or non-exempt status, and management level.

This role is expected to accept applications for a minimum of 5 business days.

No agencies please. Capital One is an equal opportunity employer (EOE, including disability/vet) committed to non-discrimination in compliance with applicable federal, state, and local laws. Capital One promotes a drug-free workplace. Capital One will consider for employment qualified applicants with a criminal history in a manner consistent with the requirements of applicable laws regarding criminal background inquiries, including, to the extent applicable, Article 23-A of the New York Correction Law; San Francisco, California Police Code Article 49, Sections 4901-4920; New York City’s Fair Chance Act; Philadelphia’s Fair Criminal Records Screening Act; and other applicable federal, state, and local laws and regulations regarding criminal background inquiries.

If you have visited our website in search of information on employment opportunities or to apply for a position, and you require an accommodation, please contact Capital One Recruiting at 1-800-304-9102 or via email at RecruitingAccommodation@capitalone.com. All information you provide will be kept confidential and will be used only to the extent required to provide needed reasonable accommodations.

For technical support or questions about Capital One's recruiting process, please send an email to Careers@capitalone.com

Capital One does not provide, endorse nor guarantee and is not liable for third-party products, services, educational tools or other information available through this site.

Capital One Financial is made up of several different entities. Please note that any position posted in Canada is for Capital One Canada, any position posted in the United Kingdom is for Capital One Europe and any position posted in the Philippines is for Capital One Philippines Service Corp. (COPSSC).",False,15 days ago,1789516800.0,2026-09-16T00:00:00.000Z,"McLean, VA   (+2 others)",,,,,,['health_insurance'],['Health insurance'],https://www.google.com/search?q=jobs&gl=us&hl=en&udm=8#vhid=vt%3D20/docid%3DxtfQMm8PWTIqPK0bAAAAAA%3D%3D&vssid=jobs-detail-viewer,,,,,,{},,,,xtfQMm8PWTIqPK0bAAAAAA==
Q1BVUUN1UEVMWTRMcE1QS0FBQUFBQT09OkVzd0JDb3dCUVVwcFZEUjBTM2hFVm5wcVpHOUZlRXAxUnpWVFIzWjVUbU40VGpsaVRIVldUSEpsZURsTU9UTmhhMVJ2TkhSMFkyTktUVEZRWlc1M2FrTkxaM1pSY0dOMFNrUTRUVFZSYVRsTGJqVTJhMDgyZUZKTmVVaHVlRUY1ZWpGVWFUZzJVVE5OYkRsNlVGSlFSWEZHWWxwZk1tcFdSM0Z3WDBSTVkzcENOekpJYlVoSU9VVkNZM3BXV1ZGWGIyZ1NGM2xXU3kxaGRrOVhRbEJ0ZFRGelVWQm9UVmh6TFVFNEdpSkJSSE55T1daU0xVTjZNMnhSTkRnMFZFRkVaMWxTYnkxcVJIWTJZMEV3WlZSMw,"Staff Data Scientist, Product",GEICO,https://encrypted-tbn0.gstatic.com/images?q=tbn:ANd9GcTZ11HkYUdWXTM292xMM0NqdPOXD5dda8i8T8yN&s=0,,Indeed,Full-time,['FULLTIME'],https://www.indeed.com/viewjob?jk=99f8b5a5b5b5fbd1,False,"[{'apply_link': 'https://www.indeed.com/viewjob?jk=99f8b5a5b5b5fbd1', 'is_direct': False, 'publisher': 'Indeed'}]","Why Join GEICO?

At GEICO, we offer a rewarding career where your ambitions are met with endless possibilities.

Every day we honor our iconic brand by offering quality coverage to millions of customers and being there when they need us most. We thrive on relentless innovation to exceed our customers' expectations while making a real impact on local communities nationwide.

Founded in 1936, GEICO is a member of the Berkshire Hathaway family of companies and one of the largest auto insurers in the United States. When you join our company, we want you to feel valued, supported, and proud to work here. That's why we offer the GEICO Pledge: Great Company, Great Culture, Great Rewards, and Great Careers.

GEICO is looking for a Staff Data Scientist, Product Analytics who will provide quantitative rigor, behavioral insight, and a strategic perspective to partners across the organization. As a curious and decision-oriented member of the team, you serve as the analytical thought partner to product, engineering, and design leaders—using data, experimentation, and causal reasoning to help them make better decisions. You will frame the right questions, design the studies that answer them, and translate findings into recommendations that shape what we build. You'll make critical recommendations for Product, Engineering, and senior leadership.

Job Responsibilities:

• Strategic Partnership: Embed with product, engineering, and design leaders as a decision partner—framing ambiguous business questions, pressure-testing roadmap assumptions, and shaping bets before they are committed.

• Metric Frameworks: Define goal metrics, guardrails, and supporting metric trees for your product area. Decompose top-line outcomes into measurable inputs that teams can move.

• Experimentation: Design, power, and analyze A/B and quasi-experiments. Go beyond average treatment effects to understand heterogeneity, long-term impact, novelty effects, and cross-surface interactions.

• Causal Inference: Apply causal methods (difference-in-differences, synthetic control, instrumental variables, propensity scoring, switchback designs) where randomization is not feasible.

• Decision Modeling: Build opportunity sizing, forecasting, and ROI models that scale how the organization makes trade-offs—pricing, growth, retention, and long-range investment decisions.

• Deep Dives: Lead root-cause investigations into user behavior, funnel performance, retention, and engagement. Translate messy signal into clear, defensible recommendations.

• Collaboration: Serve as trusted analytics partner to PMs, designers, and engineers—translate product questions into research designs, analyses, and deliverables.

• Communication: Present findings and recommendations to senior leadership with clarity, structure, and its uncertainty.

• Mentorship & Best Practices: Mentor junior data scientists and analysts. Define internal standards for experiment design, statistical rigor, and reproducible analysis.

Basic Qualifications:

• Experience: 8+ years in product analytics, decision science, data science, or a closely related quantitative role at a technology company, with a track record of influencing product decisions.

• Experimentation: Strong background designing well-powered A/B tests, diagnosing bias and variance issues, handling interference and non-stationarity, and interpreting results under real-world conditions.

• Statistics & Causal Inference: Solid applied statistics foundation with practical experience selecting the right causal method for the question at hand.

• Tools: Advanced SQL and working proficiency in Python or R for analysis, modeling, and reproducible workflows.

• Product Sense: Demonstrated ability to define metric frameworks for a product area, not just operate within frameworks built by others.

• Communication: Clear writing and direct storytelling with data—can produce a one-pager that moves a roadmap and present to executives without losing the nuance.

• Quality Mindset: Disciplined about quantifying what you know, surfacing what you don't, and resisting false precision.

• Education: Bachelor's degree or higher in statistics, economics, computer science, mathematics, operations research, or a related quantitative field—or equivalent practical experience.

Preferred Qualifications:

• Advanced Methods: Bayesian methods, hierarchical models, sequential testing, or uplift modeling experience.

• Domain Experience: Background in growth, pricing, monetization, marketplace, or recommendation problem spaces.

• ML Partnership: Experience working alongside ML engineers on production models, including offline evaluation, online metrics, and guardrails.

• Platform Contributions: Contributions to internal experimentation platforms, metric stores, or measurement tooling.

• Education: MS or PhD in a quantitative discipline.

• Industry: Insurance or financial services experience.

Annual Salary
$115,000.00 - $230,000.00
The above annual salary range is a general guideline. Multiple factors are taken into consideration to arrive at the final hourly rate/ annual salary to be offered to the selected candidate. Factors include, but are not limited to, the scope and responsibilities of the role, the selected candidate’s work experience, education and training, the work location as well as market and business considerations.

GEICO will consider sponsoring a new qualified applicant for employment authorization for this position.

The GEICO Pledge:

Great Company: Protecting customers through life’s twists and turns with innovation and integrity.

Great Careers: Personalized development programs, mentorship, and certification assistance.

Great Culture: Inclusive and collaborative culture rooted in shared success.

Great Rewards: Competitive pay, benefits, and flexibility to support your well-being and future.

The equal employment opportunity policy of the GEICO Companies provides for a fair and equal employment opportunity for all associates and job applicants regardless of race, color, religious creed, national origin, ancestry, age, gender, pregnancy, sexual orientation, gender identity, marital status, familial status, disability or genetic information, in compliance with applicable federal, state and local law. GEICO hires and promotes individuals solely on the basis of their qualifications for the job to be filled.

GEICO reasonably accommodates qualified individuals with disabilities to enable them to receive equal employment opportunity and/or perform the essential functions of the job, unless the accommodation would impose an undue hardship to the Company. This applies to all applicants and associates. GEICO also provides a work environment in which each associate is able to be productive and work to the best of their ability. We do not condone or tolerate an atmosphere of intimidation or harassment. We expect and require the cooperation of all associates in maintaining an atmosphere free from discrimination and harassment with mutual respect by and for all associates and applicants.",False,17 days ago,1789344000.0,2026-09-14T00:00:00.000Z,"Bethesda, MD",Bethesda,Maryland,US,38.9848328,-77.09431719999999,['health_insurance'],['Health insurance'],https://www.google.com/search?q=jobs&gl=us&hl=en&udm=8#vhid=vt%3D20/docid%3DCPUQCuPELY4LpMPKAAAAAA%3D%3D&vssid=jobs-detail-viewer,,115K–230K a year,115000.0,230000.0,YEAR,{},,,,CPUQCuPELY4LpMPKAAAAAA==
